,Date,Holiday Name,Information,More Information,Jurisdiction
113,1/01/2022,New Year's Day,New Year's Day is the first day of the calendar year and is celebrated each January 1st,https://www.cmtedd.act.gov.au/communication/holidays,New South Wales
114,3/01/2022,New Year's Day (additional day),"As 1 January 2022 falls on a Saturday in 2022, the following Monday is observed as an additional public holiday.",https://www.cmtedd.act.gov.au/communication/holidays,New South Wales
115,26/01/2022,Australia Day,Always celebrated on 26 January,https://www.cmtedd.act.gov.au/communication/holidays,New South Wales
116,14/03/2022,Canberra Day,Held on the second Monday of March each year in Canberra to celebrate the naming ceremony of Australia's capital which took place on 12 March 1913.,https://www.cmtedd.act.gov.au/communication/holidays,New South Wales
117,15/04/2022,Good Friday,Easter is celebrated with Good Friday and Easter Monday creating a 4 day long weekend.,https://www.cmtedd.act.gov.au/communication/holidays,New South Wales
118,16/04/2022,Easter Saturday,Easter Saturday is between Good Friday and Easter Sunday in Australia.,https://www.cmtedd.act.gov.au/communication/holidays,New South Wales
119,17/04/2022,Easter Sunday,Public Holiday as part of Easter.,https://www.cmtedd.act.gov.au/communication/holidays,New South Wales
120,18/04/2022,Easter Monday,Public Holiday as part of Easter.,https://www.cmtedd.act.gov.au/communication/holidays,New South Wales
121,25/04/2022,Anzac Day,Celebrated on the 25 April each year.,https://www.cmtedd.act.gov.au/communication/holidays,New South Wales
122,30/05/2022,Reconciliation Day,Takes place on the first Monday on or after 27 May each year the anniversary of the 1967 referendum,https://www.cmtedd.act.gov.au/communication/holidays,New South Wales
123,13/06/2022,Queen's Birthday,Celebrated on second Monday in June except in Western Australia and Queensland.,https://www.cmtedd.act.gov.au/communication/holidays,New South Wales
124,3/10/2022,Labour Day,Always on a Monday creating a long weekend. It celebrates the eight-hour working day a victory for workers in the mid-late 19th century.,https://www.cmtedd.act.gov.au/communication/holidays,New South Wales
125,25/12/2022,Christmas Day ,Christmas Day is an annual holiday which celebrates the birth of Jesus Christ over 2000 years ago.,https://www.cmtedd.act.gov.au/communication/holidays,New South Wales
126,26/12/2022,Boxing Day,Boxing Day occurs the day after Christmas. Sydney-to-Hobart yacht race and Boxing Day Test Match (Cricket) start on this day.,https://www.cmtedd.act.gov.au/communication/holidays,New South Wales
127,27/12/2022,Christmas (additional day),"As 25 December (Christmas Day) falls on a Sunday in 2022, there is an additional public holiday on the Tuesday.",https://www.cmtedd.act.gov.au/communication/holidays,New South Wales
128,1/01/2022,New Year's Day,New Year's Day is the first day of the calendar year and is celebrated each January 1st,https://www.industrialrelations.nsw.gov.au/public-holidays/public-holidays-in-nsw/,New South Wales
129,3/01/2022,New Year's Day (additional day),New Year's Day is the first day of the calendar year and is celebrated each January 1st,https://www.industrialrelations.nsw.gov.au/public-holidays/public-holidays-in-nsw/,New South Wales
130,26/01/2022,Australia Day,Always celebrated on 26 January,https://www.industrialrelations.nsw.gov.au/public-holidays/public-holidays-in-nsw/,New South Wales
131,15/04/2022,Good Friday,Easter is celebrated with Good Friday and Easter Monday creating a 4 day long weekend.,https://www.industrialrelations.nsw.gov.au/public-holidays/public-holidays-in-nsw/,New South Wales
132,16/04/2022,Easter Saturday - the Saturday following Good Friday,Easter Saturday is between Good Friday and Easter Sunday in Australia.,https://www.industrialrelations.nsw.gov.au/public-holidays/public-holidays-in-nsw/,New South Wales
133,17/04/2022,Easter Sunday,Public Holiday as part of Easter.,https://www.industrialrelations.nsw.gov.au/public-holidays/public-holidays-in-nsw/,New South Wales
134,18/04/2022,Easter Monday,Public Holiday as part of Easter.,https://www.industrialrelations.nsw.gov.au/public-holidays/public-holidays-in-nsw/,New South Wales
135,25/04/2022,Anzac Day,Celebrated on the 25 April each year.,https://www.industrialrelations.nsw.gov.au/public-holidays/public-holidays-in-nsw/,New South Wales
136,13/06/2022,Queen's Birthday,Celebrated on second Monday in June except in Western Australia and Queensland.,https://www.industrialrelations.nsw.gov.au/public-holidays/public-holidays-in-nsw/,New South Wales
137,1/08/2022,Bank Holiday,"Applies to banks and certain financial institutions, per the Retail Trading Act 2008",https://www.industrialrelations.nsw.gov.au/public-holidays/public-holidays-in-nsw/,New South Wales
138,3/10/2022,Labour Day,"Always on a Monday, creating a long weekend. It celebrates the eight-hour working day, a victory for workers in the mid-late 19th century.",https://www.industrialrelations.nsw.gov.au/public-holidays/public-holidays-in-nsw/,New South Wales
139,25/12/2022,Christmas Day ,Christmas Day is an annual holiday which celebrates the birth of Jesus Christ over 2000 years ago.,https://www.industrialrelations.nsw.gov.au/public-holidays/public-holidays-in-nsw/,New South Wales
140,26/12/2022,Boxing Day,Boxing Day occurs the day after Christmas. Sydney-to-Hobart yacht race and Boxing Day Test Match (Cricket) start on this day.,https://www.industrialrelations.nsw.gov.au/public-holidays/public-holidays-in-nsw/,New South Wales
141,27/12/2022,Christmas (additional day),As 25 December (Christmas Day) falls on a Sunday in 2022 there is an additional public holiday on the Tuesday.,https://www.industrialrelations.nsw.gov.au/public-holidays/public-holidays-in-nsw/,New South Wales
142,3/01/2022,New Year's Day,New Year's Day is the first day of the calendar year and is celebrated each January 1st,https://nt.gov.au/nt-public-holidays,Northern Territory
143,26/01/2022,Australia Day,Always celebrated on 26 January,https://nt.gov.au/nt-public-holidays,Northern Territory
144,15/04/2022,Good Friday,Easter is celebrated with Good Friday and Easter Monday creating a 4 day long weekend.,https://nt.gov.au/nt-public-holidays,Northern Territory
145,16/04/2022,Easter Saturday,Easter Saturday is between Good Friday and Easter Sunday in Australia.,https://nt.gov.au/nt-public-holidays,Northern Territory
146,18/04/2022,Easter Monday,Public Holiday as part of Easter.,https://nt.gov.au/nt-public-holidays,Northern Territory
147,25/04/2022,Anzac Day,Celebrated on the 25 April each year.,https://nt.gov.au/nt-public-holidays,Northern Territory
148,2/05/2022,May Day,"Always on a Monday, creating a long weekend. It celebrates the eight-hour working day, a victory for workers in the mid-late 19th century.",https://nt.gov.au/nt-public-holidays,Northern Territory
149,13/06/2022,Queen's Birthday,Celebrated on second Monday in June except in Western Australia and Queensland.,https://nt.gov.au/nt-public-holidays,Northern Territory
150,1/08/2022,Picnic Day,"Observed on the first Monday of August each year and is clebrated with a horse race, railway picnic and other social outings",https://nt.gov.au/nt-public-holidays,Northern Territory
151,24/12/2022,Christmas Eve 7pm - midnight,Part-day public holiday from 7pm-12 midnight,https://nt.gov.au/nt-public-holidays,Northern Territory
152,25/12/2022,Christmas Day ,Christmas Day is an annual holiday which celebrates the birth of Jesus Christ over 2000 years ago.,https://nt.gov.au/nt-public-holidays,Northern Territory
153,26/12/2022,Boxing Day,Boxing Day occurs the day after Christmas. Sydney-to-Hobart yacht race and Boxing Day Test Match (Cricket) start on this day.,https://nt.gov.au/nt-public-holidays,Northern Territory
154,27/12/2022,Christmas (additional day),"As 25 December (Christmas Day) falls on a Sunday in 2022, there is an additional public holiday on the Tuesday.",https://nt.gov.au/nt-public-holidays,Northern Territory
155,31/12/2022,New Year's Eve 7pm - midnight,Part-day public holiday from 7pm-12 midnight,https://nt.gov.au/nt-public-holidays,Northern Territory
156,1/01/2022,New Year's Day,New Year's Day is the first day of the calendar year and is celebrated each January 1st,https://www.qld.gov.au/recreation/travel/holidays/public,Queensland
157,3/01/2022,New Year's Day (additional day),"As 1 January 2022 falls on a Saturday in 2022, the following Monday is observed as an additional public holiday.",https://www.qld.gov.au/recreation/travel/holidays/public,Queensland
158,26/01/2022,Australia Day,Always celebrated on 26 January,https://www.qld.gov.au/recreation/travel/holidays/public,Queensland
159,15/04/2022,Good Friday,Easter is celebrated with Good Friday and Easter Monday creating a 4 day long weekend.,https://www.qld.gov.au/recreation/travel/holidays/public,Queensland
160,16/04/2022,The day after Good Friday,Easter Saturday is between Good Friday and Easter Sunday in Australia.,https://www.qld.gov.au/recreation/travel/holidays/public,Queensland
161,17/04/2022,Easter Sunday,Public Holiday as part of Easter.,https://www.qld.gov.au/recreation/travel/holidays/public,Queensland
162,18/04/2022,Easter Monday,Public Holiday as part of Easter.,https://www.qld.gov.au/recreation/travel/holidays/public,Queensland
163,25/04/2022,Anzac Day,Celebrated on the 25 April each year.,https://www.qld.gov.au/recreation/travel/holidays/public,Queensland
164,2/05/2022,Labour Day,"Always on a Monday, creating a long weekend. It celebrates the eight-hour working day, a victory for workers in the mid-late 19th century.",https://www.qld.gov.au/recreation/travel/holidays/public,Queensland
165,3/10/2022,Queen's Birthday,Celebrated on second Monday in June except in Western Australia and Queensland.,https://www.qld.gov.au/recreation/travel/holidays/public,Queensland
166,24/12/2022,Christmas Eve 6pm - Midnight,Part day public holiday from 6pm to midnight,https://www.qld.gov.au/recreation/travel/holidays/public,Queensland
167,25/12/2022,Christmas Day ,Christmas Day is an annual holiday which celebrates the birth of Jesus Christ over 2000 years ago.,https://www.qld.gov.au/recreation/travel/holidays/public,Queensland
168,26/12/2022,Boxing Day,Boxing Day occurs the day after Christmas. Sydney-to-Hobart yacht race and Boxing Day Test Match (Cricket) start on this day.,https://www.qld.gov.au/recreation/travel/holidays/public,Queensland
169,27/12/2022,Christmas (additional day),"As 25 December (Christmas Day) falls on a Sunday in 2022, there is an additional public holiday on the Tuesday.",https://www.qld.gov.au/recreation/travel/holidays/public,Queensland
170,3/01/2022,New Year's Day,New Year's Day is the first day of the calendar year and is celebrated each January 1st,https://www.safework.sa.gov.au/resources/public-holidays,South Australia
171,26/01/2022,Australia Day,Always celebrated on 26 January,https://www.safework.sa.gov.au/resources/public-holidays,South Australia
172,14/03/2022,Adelaide Cup Day,The Holidays Act 1910 provides for the third Monday in May to be a public holiday. ch through the issuing of a special Proclamation by the Governor.,https://www.safework.sa.gov.au/resources/public-holidays,South Australia
173,15/04/2022,Good Friday,Easter is celebrated with Good Friday and Easter Monday creating a 4 day long weekend.,https://www.safework.sa.gov.au/resources/public-holidays,South Australia
174,16/04/2022,Easter Saturday,Easter Saturday is between Good Friday and Easter Sunday in Australia.,https://www.safework.sa.gov.au/resources/public-holidays,South Australia
175,18/04/2022,Easter Monday,Public Holiday as part of Easter.,https://www.safework.sa.gov.au/resources/public-holidays,South Australia
176,25/04/2022,Anzac Day,Celebrated on the 25 April each year.,https://www.safework.sa.gov.au/resources/public-holidays,South Australia
177,13/06/2022,Queen's Birthday / Volunteer's Day,Celebrated on second Monday in June except in Western Australia and Queensland.,https://www.safework.sa.gov.au/resources/public-holidays,South Australia
178,3/10/2022,Labour Day,"Always on a Monday, creating a long weekend. It celebrates the eight-hour working day, a victory for workers in the mid-late 19th century.",https://www.safework.sa.gov.au/resources/public-holidays,South Australia
179,24/12/2022,Christmas Eve 7pm - midnight,Part-day public holiday from 7pm-12 midnight,https://www.safework.sa.gov.au/resources/public-holidays,South Australia
180,25/12/2022,Christmas Day ,Christmas Day is an annual holiday which celebrates the birth of Jesus Christ over 2000 years ago.,https://www.safework.sa.gov.au/resources/public-holidays,South Australia
181,26/12/2022,Boxing Day / Proclamation Day,Proclamation/Boxing Day occurs the day after Christmas. Sydney-to-Hobart yacht race and Boxing Day Test Match (Cricket) start on this day.,https://www.safework.sa.gov.au/resources/public-holidays,South Australia
182,27/12/2022,Christmas (additional day),"As 25 December (Christmas Day) falls on a Sunday in 2022, there is an additional public holiday on the Tuesday.",https://www.safework.sa.gov.au/resources/public-holidays,South Australia
183,31/12/2022,New Year's Eve 7pm  - midnight,Part-day public holiday from 7pm-12 midnight,https://www.safework.sa.gov.au/resources/public-holidays,South Australia
184,3/01/2022,New Year's Day,New Year's Day is the first day of the calendar year and is celebrated each January 1st,https://worksafe.tas.gov.au/topics/laws-and-compliance/public-holidays,Tasmania
185,26/01/2022,Australia Day,Always celebrated on 26 January,https://worksafe.tas.gov.au/topics/laws-and-compliance/public-holidays,Tasmania
186,14/03/2022,Eight Hours Day,"Always on a Monday, creating a long weekend. It celebrates the eight-hour working day, a victory for workers in the mid-late 19th century.",https://worksafe.tas.gov.au/topics/laws-and-compliance/public-holidays,Tasmania
187,15/04/2022,Good Friday,Easter is celebrated with Good Friday and Easter Monday creating a 4 day long weekend.,https://worksafe.tas.gov.au/topics/laws-and-compliance/public-holidays,Tasmania
188,18/04/2022,Easter Monday,Public Holiday as part of Easter.,https://worksafe.tas.gov.au/topics/laws-and-compliance/public-holidays,Tasmania
189,19/04/2022,Easter Tuesday,Public Holiday currently observed by certain awards/agreements and the State Public Service,https://worksafe.tas.gov.au/topics/laws-and-compliance/public-holidays,Tasmania
190,25/04/2022,Anzac Day,Celebrated on the 25 April each year.,https://worksafe.tas.gov.au/topics/laws-and-compliance/public-holidays,Tasmania
191,13/06/2022,Queen's Birthday,Celebrated on second Monday in June except in Western Australia and Queensland.,https://worksafe.tas.gov.au/topics/laws-and-compliance/public-holidays,Tasmania
192,25/12/2022,Christmas Day,Christmas Day is an annual holiday which celebrates the birth of Jesus Christ over 2000 years ago.,https://worksafe.tas.gov.au/topics/laws-and-compliance/public-holidays,Tasmania
193,26/12/2022,Boxing Day,Boxing Day occurs the day after Christmas. Sydney-to-Hobart yacht race and Boxing Day Test Match (Cricket) start on this day.,https://worksafe.tas.gov.au/topics/laws-and-compliance/public-holidays,Tasmania
194,27/12/2022,Christmas (additional day),"As 25 December (Christmas Day) falls on a Sunday in 2022, there is an additional public holiday on the Tuesday.",https://worksafe.tas.gov.au/topics/laws-and-compliance/public-holidays,Tasmania
195,1/01/2022,New Year's Day,New Year's Day is the first day of the calendar year and is celebrated each January 1st,https://www.business.vic.gov.au/victorian-public-holidays-and-daylight-saving/victorian-public-holidays-2022,Victoria
196,3/01/2022,New Year's Day (additional day),"As 1 January 2022 falls on a Saturday in 2022, the following Monday is observed as an additional public holiday.",https://www.business.vic.gov.au/victorian-public-holidays-and-daylight-saving/victorian-public-holidays-2022,Victoria
197,26/01/2022,Australia Day,Always celebrated on 26 January,https://www.business.vic.gov.au/victorian-public-holidays-and-daylight-saving/victorian-public-holidays-2022,Victoria
198,14/03/2022,Labour Day,"Always on a Monday, creating a long weekend. It celebrates the eight-hour working day, a victory for workers in the mid-late 19th century.",https://www.business.vic.gov.au/victorian-public-holidays-and-daylight-saving/victorian-public-holidays-2022,Victoria
199,15/04/2022,Good Friday,Easter is celebrated with Good Friday and Easter Monday creating a 4 day long weekend.,https://www.business.vic.gov.au/victorian-public-holidays-and-daylight-saving/victorian-public-holidays-2022,Victoria
200,16/04/2022,Saturday before Easter Sunday,Easter Saturday is between Good Friday and Easter Sunday in Australia.,https://www.business.vic.gov.au/victorian-public-holidays-and-daylight-saving/victorian-public-holidays-2022,Victoria
201,17/04/2022,Easter Sunday,Public Holiday as part of Easter.,https://www.business.vic.gov.au/victorian-public-holidays-and-daylight-saving/victorian-public-holidays-2022,Victoria
202,18/04/2022,Easter Monday,Public Holiday as part of Easter.,https://www.business.vic.gov.au/victorian-public-holidays-and-daylight-saving/victorian-public-holidays-2022,Victoria
203,25/04/2022,Anzac Day,Celebrated on the 25 April each year.,https://www.business.vic.gov.au/victorian-public-holidays-and-daylight-saving/victorian-public-holidays-2022,Victoria
204,13/06/2022,Queen's Birthday,Celebrated on second Monday in June except in Western Australia and Queensland.,https://www.business.vic.gov.au/victorian-public-holidays-and-daylight-saving/victorian-public-holidays-2022,Victoria
205,1/11/2022,Melbourne Cup,All of Victoria unless alternate local holiday has been arranged by non-metro council.,https://www.business.vic.gov.au/victorian-public-holidays-and-daylight-saving/victorian-public-holidays-2022,Victoria
206,25/12/2022,Christmas Day,Christmas Day is an annual holiday which celebrates the birth of Jesus Christ over 2000 years ago.,https://www.business.vic.gov.au/victorian-public-holidays-and-daylight-saving/victorian-public-holidays-2022,Victoria
207,26/12/2022,Boxing Day,Boxing Day occurs the day after Christmas. Sydney-to-Hobart yacht race and Boxing Day Test Match (Cricket) start on this day.,https://www.business.vic.gov.au/victorian-public-holidays-and-daylight-saving/victorian-public-holidays-2022,Victoria
208,27/12/2022,Christmas (additional day),"As 25 December (Christmas Day) falls on a Sunday in 2022, there is an additional public holiday on the Tuesday.",https://www.business.vic.gov.au/victorian-public-holidays-and-daylight-saving/victorian-public-holidays-2022,Victoria
209,1/01/2022,New Year's Day,New Year's Day is the first day of the calendar year and is celebrated each January 1st,https://www.commerce.wa.gov.au/labour-relations/public-holidays-western-australia,Western Australia
210,3/01/2022,New Year's Day (additional day),"As 1 January 2022 falls on a Saturday in 2022, the following Monday is observed as an additional public holiday.",https://www.commerce.wa.gov.au/labour-relations/public-holidays-western-australia,Western Australia
211,26/01/2022,Australia Day,Always celebrated on 26 January,https://www.commerce.wa.gov.au/labour-relations/public-holidays-western-australia,Western Australia
212,7/03/2022,Labour Day,"Always on a Monday, creating a long weekend. It celebrates the eight-hour working day, a victory for workers in the mid-late 19th century.",https://www.commerce.wa.gov.au/labour-relations/public-holidays-western-australia,Western Australia
213,15/04/2022,Good Friday,Easter is celebrated with Good Friday and Easter Monday creating a 4 day long weekend.,https://www.commerce.wa.gov.au/labour-relations/public-holidays-western-australia,Western Australia
214,18/04/2022,Easter Monday,Public Holiday as part of Easter.,https://www.commerce.wa.gov.au/labour-relations/public-holidays-western-australia,Western Australia
215,25/04/2022,Anzac Day,Celebrated on the 25 April each year.,https://www.commerce.wa.gov.au/labour-relations/public-holidays-western-australia,Western Australia
216,6/06/2022,Western Australia Day,Held on the first Monday in June each year and is a state holiday only.,https://www.commerce.wa.gov.au/labour-relations/public-holidays-western-australia,Western Australia
217,26/09/2022,Queen's Birthday,Celebrated on second Monday in June except in Western Australia and Queensland.,https://www.commerce.wa.gov.au/labour-relations/public-holidays-western-australia,Western Australia
218,25/12/2022,Christmas Day ,Christmas Day is an annual holiday which celebrates the birth of Jesus Christ over 2000 years ago.,https://www.commerce.wa.gov.au/labour-relations/public-holidays-western-australia,Western Australia
219,26/12/2022,Boxing Day,Boxing Day occurs the day after Christmas. Sydney-to-Hobart yacht race and Boxing Day Test Match (Cricket) start on this day.,https://www.commerce.wa.gov.au/labour-relations/public-holidays-western-australia,Western Australia
220,27/12/2022,Christmas (additional day),"As 25 December (Christmas Day) falls on a Saturday in 2022, there is an additional public holiday on the Monday.",https://www.commerce.wa.gov.au/labour-relations/public-holidays-western-australia,Western Australia
221,1/01/2023,New Year's Day,New Year's Day is the first day of the calendar year and is celebrated each January 1st,https://www.cmtedd.act.gov.au/communication/holidays,
222,2/01/2023,New Year's Day (observed),"As 1 January 2023 falls on a Saturday in 2023, the following Monday is observed as an additional public holiday.",https://www.cmtedd.act.gov.au/communication/holidays,
223,26/01/2023,Australia Day,Always celebrated on 26 January,https://www.cmtedd.act.gov.au/communication/holidays,
224,13/03/2023,Canberra Day,Held on the second Monday of March each year in Canberra to celebrate the naming ceremony of Australia's capital which took place on 12 March 1913.,https://www.cmtedd.act.gov.au/communication/holidays,
225,7/04/2023,Good Friday,Easter is celebrated with Good Friday and Easter Monday creating a 4 day long weekend.,https://www.cmtedd.act.gov.au/communication/holidays,
226,8/04/2023,Easter Saturday,Easter Saturday is between Good Friday and Easter Sunday in Australia.,https://www.cmtedd.act.gov.au/communication/holidays,
227,9/04/2023,Easter Sunday,Public Holiday as part of Easter.,https://www.cmtedd.act.gov.au/communication/holidays,
228,10/04/2023,Easter Monday,Public Holiday as part of Easter.,https://www.cmtedd.act.gov.au/communication/holidays,
229,25/04/2023,Anzac Day,Celebrated on the 25 April each year.,https://www.cmtedd.act.gov.au/communication/holidays,
230,29/05/2023,Reconciliation Day,Takes place on the first Monday on or after 27 May each year the anniversary of the 1967 referendum,https://www.cmtedd.act.gov.au/communication/holidays,
231,12/06/2023,Queen's Birthday,Celebrated on second Monday in June except in Western Australia and Queensland.,https://www.cmtedd.act.gov.au/communication/holidays,
232,2/10/2023,Labour Day,Always on a Monday creating a long weekend. It celebrates the eight-hour working day a victory for workers in the mid-late 19th century.,https://www.cmtedd.act.gov.au/communication/holidays,
233,25/12/2023,Christmas Day ,Christmas Day is an annual holiday which celebrates the birth of Jesus Christ over 2000 years ago.,https://www.cmtedd.act.gov.au/communication/holidays,
234,26/12/2023,Boxing Day,Boxing Day occurs the day after Christmas. Sydney-to-Hobart yacht race and Boxing Day Test Match (Cricket) start on this day.,https://www.cmtedd.act.gov.au/communication/holidays,
235,1/01/2023,New Year's Day,New Year's Day is the first day of the calendar year and is celebrated each January 1st,https://www.nsw.gov.au/living-in-nsw/school-holidays,New South Wales
236,2/01/2023,New Year's Day (observed),"As 1 January 2023 falls on a Saturday in 2023, the following Monday is observed as an additional public holiday.",https://www.nsw.gov.au/living-in-nsw/school-holidays,New South Wales
237,26/01/2023,Australia Day,Always celebrated on 26 January,https://www.nsw.gov.au/living-in-nsw/school-holidays,New South Wales
238,7/04/2023,Good Friday,Easter is celebrated with Good Friday and Easter Monday creating a 4 day long weekend.,https://www.nsw.gov.au/living-in-nsw/school-holidays,New South Wales
239,8/04/2023,Easter Saturday,Easter Saturday is between Good Friday and Easter Sunday in Australia.,https://www.nsw.gov.au/living-in-nsw/school-holidays,New South Wales
240,9/04/2023,Easter Sunday,Public Holiday as part of Easter.,https://www.nsw.gov.au/living-in-nsw/school-holidays,New South Wales
241,10/04/2023,Easter Monday,Public Holiday as part of Easter.,https://www.nsw.gov.au/living-in-nsw/school-holidays,New South Wales
242,25/04/2023,Anzac Day,Celebrated on the 25 April each year.,https://www.nsw.gov.au/living-in-nsw/school-holidays,New South Wales
243,12/06/2023,Queen's Birthday,Celebrated on second Monday in June except in Western Australia and Queensland.,https://www.nsw.gov.au/living-in-nsw/school-holidays,New South Wales
244,7/08/2023,Bank Holiday,"Applies to banks and certain financial institutions, per the Retail Trading Act 2008",https://www.nsw.gov.au/living-in-nsw/school-holidays,New South Wales
245,2/10/2023,Labour Day,Always on a Monday creating a long weekend. It celebrates the eight-hour working day a victory for workers in the mid-late 19th century.,https://www.nsw.gov.au/living-in-nsw/school-holidays,New South Wales
246,25/12/2023,Christmas Day ,Christmas Day is an annual holiday which celebrates the birth of Jesus Christ over 2000 years ago.,https://www.nsw.gov.au/living-in-nsw/school-holidays,New South Wales
247,26/12/2023,Boxing Day,Boxing Day occurs the day after Christmas. Sydney-to-Hobart yacht race and Boxing Day Test Match (Cricket) start on this day.,https://www.nsw.gov.au/living-in-nsw/school-holidays,New South Wales
248,1/01/2023,New Year's Day,New Year's Day is the first day of the calendar year and is celebrated each January 1st,https://nt.gov.au/nt-public-holidays,Northern Territory
249,2/01/2023,New Year's Day (observed),"As 1 January 2023 falls on a Saturday in 2023, the following Monday is observed as an additional public holiday.",https://nt.gov.au/nt-public-holidays,Northern Territory
250,26/01/2023,Australia Day,Always celebrated on 26 January,https://nt.gov.au/nt-public-holidays,Northern Territory
251,7/04/2023,Good Friday,Easter is celebrated with Good Friday and Easter Monday creating a 4 day long weekend.,https://nt.gov.au/nt-public-holidays,Northern Territory
252,8/04/2023,Easter Saturday,Easter Saturday is between Good Friday and Easter Sunday in Australia.,https://nt.gov.au/nt-public-holidays,Northern Territory
253,9/04/2023,Easter Sunday,Public Holiday as part of Easter.,https://nt.gov.au/nt-public-holidays,Northern Territory
254,10/04/2023,Easter Monday,Public Holiday as part of Easter.,https://nt.gov.au/nt-public-holidays,Northern Territory
255,25/04/2023,Anzac Day,Celebrated on the 25 April each year.,https://nt.gov.au/nt-public-holidays,Northern Territory
256,1/05/2023,May Day,"Always on a Monday, creating a long weekend. It celebrates the eight-hour working day, a victory for workers in the mid-late 19th century.",https://nt.gov.au/nt-public-holidays,Northern Territory
257,12/06/2023,Queen's Birthday,Celebrated on second Monday in June except in Western Australia and Queensland.,https://nt.gov.au/nt-public-holidays,Northern Territory
258,7/08/2023,Picnic Day,"Observed on the first Monday of August each year and is clebrated with a horse race, railway picnic and other social outings",https://nt.gov.au/nt-public-holidays,Northern Territory
259,25/12/2023,Christmas Day ,Christmas Day is an annual holiday which celebrates the birth of Jesus Christ over 2000 years ago.,https://nt.gov.au/nt-public-holidays,Northern Territory
260,26/12/2023,Boxing Day,Boxing Day occurs the day after Christmas. Sydney-to-Hobart yacht race and Boxing Day Test Match (Cricket) start on this day.,https://nt.gov.au/nt-public-holidays,Northern Territory
261,1/01/2023,New Year's Day,New Year's Day is the first day of the calendar year and is celebrated each January 1st,https://www.qld.gov.au/recreation/travel/holidays/public,Queensland
262,2/01/2023,New Year's Day (observed),"As 1 January 2023 falls on a Saturday in 2023, the following Monday is observed as an additional public holiday.",https://www.qld.gov.au/recreation/travel/holidays/public,Queensland
263,26/01/2023,Australia Day,Always celebrated on 26 January,https://www.qld.gov.au/recreation/travel/holidays/public,Queensland
264,7/04/2023,Good Friday,Easter is celebrated with Good Friday and Easter Monday creating a 4 day long weekend.,https://www.qld.gov.au/recreation/travel/holidays/public,Queensland
265,8/04/2023,Easter Saturday,Easter Saturday is between Good Friday and Easter Sunday in Australia.,https://www.qld.gov.au/recreation/travel/holidays/public,Queensland
266,9/04/2023,Easter Sunday,Public Holiday as part of Easter.,https://www.qld.gov.au/recreation/travel/holidays/public,Queensland
267,10/04/2023,Easter Monday,Public Holiday as part of Easter.,https://www.qld.gov.au/recreation/travel/holidays/public,Queensland
268,25/04/2023,Anzac Day,Celebrated on the 25 April each year.,https://www.qld.gov.au/recreation/travel/holidays/public,Queensland
269,1/05/2023,Labour Day,Always on a Monday creating a long weekend. It celebrates the eight-hour working day a victory for workers in the mid-late 19th century.,https://www.qld.gov.au/recreation/travel/holidays/public,Queensland
270,16/08/2023,Royal Queensland Show (Brisbane only),"The Royal National Agricultural (RNA) Show Day (Brisbane only) is held on the Wednesday during the RNA Show period. The RNA Show commences on the first Friday in August, unless the first Friday is prior to 5 August, then it commences on the second Friday of August.",https://www.qld.gov.au/recreation/travel/holidays/public,Queensland
271,2/10/2023,Queen's Birthday,Celebrated on second Monday in June except in Western Australia and Queensland.,https://www.qld.gov.au/recreation/travel/holidays/public,Queensland
272,25/12/2023,Christmas Day ,Christmas Day is an annual holiday which celebrates the birth of Jesus Christ over 2000 years ago.,https://www.qld.gov.au/recreation/travel/holidays/public,Queensland
273,26/12/2023,Boxing Day,Boxing Day occurs the day after Christmas. Sydney-to-Hobart yacht race and Boxing Day Test Match (Cricket) start on this day.,https://www.qld.gov.au/recreation/travel/holidays/public,Queensland
274,1/01/2023,New Year's Day,New Year's Day is the first day of the calendar year and is celebrated each January 1st,https://www.safework.sa.gov.au/resources/public-holidays,South Australia
275,2/01/2023,New Year's Day (observed),"As 1 January 2023 falls on a Saturday in 2023, the following Monday is observed as an additional public holiday.",https://www.safework.sa.gov.au/resources/public-holidays,South Australia
276,26/01/2023,Australia Day,Always celebrated on 26 January,https://www.safework.sa.gov.au/resources/public-holidays,South Australia
277,13/03/2023,Adelaide Cup Day,"The Holidays Act 1910 provides for the third Monday in May to be a public holiday, through the issuing of a special Proclamation by the Governor.",https://www.safework.sa.gov.au/resources/public-holidays,South Australia
278,7/04/2023,Good Friday,Easter is celebrated with Good Friday and Easter Monday creating a 4 day long weekend.,https://www.safework.sa.gov.au/resources/public-holidays,South Australia
279,8/04/2023,Easter Saturday,Easter Saturday is between Good Friday and Easter Sunday in Australia.,https://www.safework.sa.gov.au/resources/public-holidays,South Australia
280,9/04/2023,Easter Sunday,Public Holiday as part of Easter.,https://www.safework.sa.gov.au/resources/public-holidays,South Australia
281,10/04/2023,Easter Monday,Public Holiday as part of Easter.,https://www.safework.sa.gov.au/resources/public-holidays,South Australia
282,25/04/2023,Anzac Day,Celebrated on the 25 April each year.,https://www.safework.sa.gov.au/resources/public-holidays,South Australia
283,10/06/2023,Queen's Birthday / Volunteer's Day,Celebrated on second Monday in June except in Western Australia and Queensland.,https://www.safework.sa.gov.au/resources/public-holidays,South Australia
284,7/10/2023,Labour Day,Always on a Monday creating a long weekend. It celebrates the eight-hour working day a victory for workers in the mid-late 19th century.,https://www.safework.sa.gov.au/resources/public-holidays,South Australia
285,25/12/2023,Christmas Day ,Christmas Day is an annual holiday which celebrates the birth of Jesus Christ over 2000 years ago.,https://www.safework.sa.gov.au/resources/public-holidays,South Australia
286,26/12/2023,Boxing Day / Proclamation Day,Boxing Day occurs the day after Christmas. Sydney-to-Hobart yacht race and Boxing Day Test Match (Cricket) start on this day.,https://www.safework.sa.gov.au/resources/public-holidays,South Australia
287,1/01/2023,New Year's Day,New Year's Day is the first day of the calendar year and is celebrated each January 1st,https://worksafe.tas.gov.au/topics/laws-and-compliance/public-holidays,Tasmania
288,2/01/2023,New Year's Day (observed),"As 1 January 2023 falls on a Saturday in 2023, the following Monday is observed as an additional public holiday.",https://worksafe.tas.gov.au/topics/laws-and-compliance/public-holidays,Tasmania
289,26/01/2023,Australia Day,Always celebrated on 26 January,https://worksafe.tas.gov.au/topics/laws-and-compliance/public-holidays,Tasmania
290,14/03/2023,Eight Hours Day,"Always on a Monday, creating a long weekend. It celebrates the eight-hour working day, a victory for workers in the mid-late 19th century.",https://worksafe.tas.gov.au/topics/laws-and-compliance/public-holidays,Tasmania
291,7/04/2023,Good Friday,Easter is celebrated with Good Friday and Easter Monday creating a 4 day long weekend.,https://worksafe.tas.gov.au/topics/laws-and-compliance/public-holidays,Tasmania
292,8/04/2023,Easter Saturday,Easter Saturday is between Good Friday and Easter Sunday in Australia.,https://worksafe.tas.gov.au/topics/laws-and-compliance/public-holidays,Tasmania
293,9/04/2023,Easter Sunday,Public Holiday as part of Easter.,https://worksafe.tas.gov.au/topics/laws-and-compliance/public-holidays,Tasmania
294,10/04/2023,Easter Monday,Public Holiday as part of Easter.,https://worksafe.tas.gov.au/topics/laws-and-compliance/public-holidays,Tasmania
295,11/04/2023,Easter Tuesday,Public Holiday currently observed by certain awards/agreements and the State Public Service,https://worksafe.tas.gov.au/topics/laws-and-compliance/public-holidays,Tasmania
296,25/04/2023,Anzac Day,Celebrated on the 25 April each year.,https://worksafe.tas.gov.au/topics/laws-and-compliance/public-holidays,Tasmania
297,10/06/2023,Queen's Birthday,Celebrated on second Monday in June except in Western Australia and Queensland.,https://worksafe.tas.gov.au/topics/laws-and-compliance/public-holidays,Tasmania
298,25/12/2023,Christmas Day ,Christmas Day is an annual holiday which celebrates the birth of Jesus Christ over 2000 years ago.,https://worksafe.tas.gov.au/topics/laws-and-compliance/public-holidays,Tasmania
299,26/12/2023,Boxing Day,Boxing Day occurs the day after Christmas. Sydney-to-Hobart yacht race and Boxing Day Test Match (Cricket) start on this day.,https://worksafe.tas.gov.au/topics/laws-and-compliance/public-holidays,Tasmania
300,1/01/2023,New Year's Day,New Year's Day is the first day of the calendar year and is celebrated each January 1st,https://business.vic.gov.au/business-information/public-holidays,Victoria
301,2/01/2023,New Year's Day (observed),"As 1 January 2023 falls on a Saturday in 2023, the following Monday is observed as an additional public holiday.",https://business.vic.gov.au/business-information/public-holidays,Victoria
302,26/01/2023,Australia Day,Always celebrated on 26 January,https://business.vic.gov.au/business-information/public-holidays,Victoria
303,13/03/2023,Labour Day,"Always on a Monday, creating a long weekend. It celebrates the eight-hour working day, a victory for workers in the mid-late 19th century.",https://business.vic.gov.au/business-information/public-holidays,Victoria
304,7/04/2023,Good Friday,Easter is celebrated with Good Friday and Easter Monday creating a 4 day long weekend.,https://business.vic.gov.au/business-information/public-holidays,Victoria
305,8/04/2023,Easter Saturday,Easter Saturday is between Good Friday and Easter Sunday in Australia.,https://business.vic.gov.au/business-information/public-holidays,Victoria
306,9/04/2023,Easter Sunday,Public Holiday as part of Easter.,https://business.vic.gov.au/business-information/public-holidays,Victoria
307,10/04/2023,Easter Monday,Public Holiday as part of Easter.,https://business.vic.gov.au/business-information/public-holidays,Victoria
308,25/04/2023,Anzac Day,Celebrated on the 25 April each year.,https://business.vic.gov.au/business-information/public-holidays,Victoria
309,12/06/2023,Queen's Birthday,Celebrated on second Monday in June except in Western Australia and Queensland.,https://business.vic.gov.au/business-information/public-holidays,Victoria
310,7/11/2023,Melbourne Cup,All of Victoria unless alternate local holiday has been arranged by non-metro council.,https://business.vic.gov.au/business-information/public-holidays,Victoria
311,25/12/2023,Christmas Day ,Christmas Day is an annual holiday which celebrates the birth of Jesus Christ over 2000 years ago.,https://business.vic.gov.au/business-information/public-holidays,Victoria
312,26/12/2023,Boxing Day,Boxing Day occurs the day after Christmas. Sydney-to-Hobart yacht race and Boxing Day Test Match (Cricket) start on this day.,https://business.vic.gov.au/business-information/public-holidays,Victoria
313,1/01/2023,New Year's Day,New Year's Day is the first day of the calendar year and is celebrated each January 1st,https://www.commerce.wa.gov.au/labour-relations/public-holidays-western-australia,Western Australia
314,2/01/2023,New Year's Day (observed),"As 1 January 2023 falls on a Saturday in 2023, the following Monday is observed as an additional public holiday.",https://www.commerce.wa.gov.au/labour-relations/public-holidays-western-australia,Western Australia
315,26/01/2023,Australia Day,Always celebrated on 26 January,https://www.commerce.wa.gov.au/labour-relations/public-holidays-western-australia,Western Australia
316,6/03/2023,Labour Day,"Always on a Monday, creating a long weekend. It celebrates the eight-hour working day, a victory for workers in the mid-late 19th century.",https://www.commerce.wa.gov.au/labour-relations/public-holidays-western-australia,Western Australia
317,7/04/2023,Good Friday,Easter is celebrated with Good Friday and Easter Monday creating a 4 day long weekend.,https://www.commerce.wa.gov.au/labour-relations/public-holidays-western-australia,Western Australia
318,8/04/2023,Easter Saturday,Easter Saturday is between Good Friday and Easter Sunday in Australia.,https://www.commerce.wa.gov.au/labour-relations/public-holidays-western-australia,Western Australia
319,9/04/2023,Easter Sunday,Public Holiday as part of Easter.,https://www.commerce.wa.gov.au/labour-relations/public-holidays-western-australia,Western Australia
320,10/04/2023,Easter Monday,Public Holiday as part of Easter.,https://www.commerce.wa.gov.au/labour-relations/public-holidays-western-australia,Western Australia
321,25/04/2023,Anzac Day,Celebrated on the 25 April each year.,https://www.commerce.wa.gov.au/labour-relations/public-holidays-western-australia,Western Australia
322,5/06/2023,Western Australia Day,Held on the first Monday in June each year and is a state holiday only.,https://www.commerce.wa.gov.au/labour-relations/public-holidays-western-australia,Western Australia
323,25/09/2023,Queen's Birthday,Celebrated on second Monday in June except in Western Australia and Queensland.,https://www.commerce.wa.gov.au/labour-relations/public-holidays-western-australia,Western Australia
324,25/12/2023,Christmas Day ,Christmas Day is an annual holiday which celebrates the birth of Jesus Christ over 2000 years ago.,https://www.commerce.wa.gov.au/labour-relations/public-holidays-western-australia,Western Australia
325,26/12/2023,Boxing Day,Boxing Day occurs the day after Christmas. Sydney-to-Hobart yacht race and Boxing Day Test Match (Cricket) start on this day.,https://www.commerce.wa.gov.au/labour-relations/public-holidays-western-australia,Western Australia
